Model,C-index
CoxPH,0.6320022681498286
Random Survival Forest,0.6955484485618549
