Model,C-index
CoxPH,0.6375393830729585
Random Survival Forest,0.7055438749932743
