Model,C-index
CoxPH (stratified),0.6038685483442819
RSF (clean),0.6590351101490395
